,Comm_reliance,HABITAT_CD
Comm_reliance,1.0,0.06673887886244494
HABITAT_CD,0.06673887886244494,1.0
