,NPP,Wave_exposure
NPP,1.0,-0.27873360607214975
Wave_exposure,-0.27873360607214975,1.0
