,SST,Coral_area_UFRTM_200km
SST,1.0,-0.014089070407637086
Coral_area_UFRTM_200km,-0.014089070407637086,1.0
