,Month,Habitat_type_classLV2
Month,1.0,-0.02647362127967069
Habitat_type_classLV2,-0.02647362127967069,1.0
