,model,Habitat_type_classLV0,Marine_reserve,no.divers
model,1.0,0.049071180301212554,0.024029330407574438,0.013350978640920514
Habitat_type_classLV0,0.049071180301212554,1.0,0.01525852199238022,0.045973675925150316
Marine_reserve,0.024029330407574438,0.01525852199238022,1.0,-0.06396820782134342
no.divers,0.013350978640920514,0.045973675925150316,-0.06396820782134342,1.0
