,Coral_cover,Population_50km,PCT_CORAL
Coral_cover,1.0,-0.2809043718477448,1.0
Population_50km,-0.2809043718477448,1.0,-0.2809043718477448
PCT_CORAL,1.0,-0.2809043718477448,1.0
